{"Params": 196683, "val_loss": 12.539892196655273, "epoch": 7, "_timestamp": 1754383901.312382, "_runtime": 1444.012116909027, "_step": 15, "train_loss": 12.51503677355624, "final_valid_loss": 12.522919654846191}